{"cameraMode":{"drawMode":0,"name":"Shaded","section":"Shading Mode"},"sceneLighting":false,"audioPlay":false,"sceneViewState":{"showFog":true,"showMaterialUpdate":false,"showSkybox":false,"showFlares":true,"showImageEffects":true,"showParticleSystems":true},"in2DMode":false,"pivot":{"x":-1.2793879508972169,"y":7.078975677490234,"z":-1.0610628128051758},"rotation":{"x":0.12426650524139404,"y":-0.8693109750747681,"z":0.2769295871257782,"w":0.39008501172065737},"size":65.4896011352539,"orthographic":false}