{"cameraMode":{"drawMode":0,"name":"Shaded","section":"Shading Mode"},"sceneLighting":false,"audioPlay":false,"sceneViewState":{"showFog":true,"showMaterialUpdate":false,"showSkybox":false,"showFlares":true,"showImageEffects":true,"showParticleSystems":true},"in2DMode":false,"pivot":{"x":0.7114825248718262,"y":9.530583381652832,"z":-0.4458298683166504},"rotation":{"x":-0.15233971178531648,"y":0.4837404787540436,"z":-0.08593355864286423,"w":-0.8575580716133118},"size":71.34777069091797,"orthographic":false}