{"cameraMode":{"drawMode":0,"name":"Shaded","section":"Shading Mode"},"sceneLighting":false,"audioPlay":false,"sceneViewState":{"showFog":true,"showMaterialUpdate":false,"showSkybox":false,"showFlares":true,"showImageEffects":true,"showParticleSystems":true},"in2DMode":false,"pivot":{"x":653.9306030273438,"y":351.7108154296875,"z":0.0},"rotation":{"x":0.11226177960634232,"y":-0.004471551161259413,"z":0.0005051732296124101,"w":0.9936689734458923},"size":268.6005554199219,"orthographic":false}