{"cameraMode":{"drawMode":0,"name":"Shaded","section":"Shading Mode"},"sceneLighting":false,"audioPlay":false,"sceneViewState":{"showFog":true,"showMaterialUpdate":false,"showSkybox":false,"showFlares":true,"showImageEffects":true,"showParticleSystems":true},"in2DMode":false,"pivot":{"x":1037.56005859375,"y":265.010009765625,"z":0.0},"rotation":{"x":0.11226177960634232,"y":-0.004471551161259413,"z":0.0005051732296124101,"w":0.9936689734458923},"size":463.8575439453125,"orthographic":false}